Work Item Type,Title,State,Area Path,Iteration Path,Priority,Description,Acceptance Criteria
Epic,Modern Web Chess Application MVP,Done,ChessMaster,Sprint 1,1,"Deliver a full-featured, zero-install, responsive web chess application adhering strictly to international FIDE tournament rules and Chess.com standards.","100% of FIDE rules verified via automated test suite. Sub-second initial load with responsive mobile/desktop viewports. AI runs off-thread maintaining 60 FPS."
Feature,FIDE Rule Engine & Core State,Done,ChessMaster,Sprint 1,1,"Core board state validation using chess.js, turn management, and FIDE special moves.","Legal move validation, special moves (castling, en passant, promotion), and draw/checkmate detection."
Feature,Chess.com-Style Board UI & Procedural Audio,Done,ChessMaster,Sprint 1,1,"Responsive Staunton SVG pieces, board color themes, move highlights, and Web Audio API synthesizer.","Drag & Drop and Click-to-Move, source/destination highlights, king check pulse, and zero-asset procedural sounds."
Feature,Multi-Tier Web Worker AI Opponent,Done,ChessMaster,Sprint 1,1,"Minimax search with Alpha-Beta pruning running in a background Web Worker.","Piece-Square tables (PST), 4 difficulty levels (Beginner to Master), non-blocking 60 FPS UI."
Feature,Live Positional Evaluation Bar,Done,ChessMaster,Sprint 1,2,"Continuous evaluation bar displaying real-time advantage beside the board.","Centipawn score display (+1.4, -0.8, +M), smooth visual height animation, and auto-flip support."
Feature,Dual Chess Clocks & Time Controls,Done,ChessMaster,Sprint 1,2,"Countdown chess timers with per-move increment support and timeout flag-fall detection.","Bullet, Blitz, Rapid, and Untimed presets; active clock highlighting; low-time alert."
Feature,Move History & Position Navigation,Done,ChessMaster,Sprint 1,2,"Algebraic move notation (SAN) list with interactive past-move replay and PGN/FEN export.","Two-column move list, click-to-replay past plies, and one-click clipboard copy for PGN and FEN."
Feature,Game Customization & Position Loader,Done,ChessMaster,Sprint 1,3,"Settings modal with board theme swatches and custom FEN string loader.","5 themes (Classic Green, Wood, Slate, Midnight, Glass) and FEN position importer."
User Story,Legal Piece Movement & Turns,Done,ChessMaster,Sprint 1,1,"As a player, I want legal piece movement so that games adhere to official rules.","White moves first; pinned pieces cannot expose king; obstructed moves blocked."
User Story,Special FIDE Moves (Castling & En Passant),Done,ChessMaster,Sprint 1,1,"As a competitive player, I want castling and en passant support.","Castling blocked through check; en passant allowed only on immediate turn."
User Story,Interactive Pawn Promotion Modal,Done,ChessMaster,Sprint 1,1,"As a player advancing a pawn to rank 8/1, I want a choice of Queen, Knight, Rook, or Bishop.","Modal displays immediately upon pawn reaching last rank; cancelable."
User Story,Check, Checkmate & Draw Termination,Done,ChessMaster,Sprint 1,1,"As a player, I want automatic game termination recognition citing official FIDE rules.","Checkmate (Rule 1.2), Stalemate (Rule 5.2.1), 3-Fold Repetition (Rule 9.2), 50-Move (Rule 9.3), Insufficient Material (Rule 9.6)."
User Story,Responsive Vector Board & Staunton Pieces,Done,ChessMaster,Sprint 1,1,"As a user on mobile or desktop, I want sharp vector pieces and a scalable board.","Staunton SVG icons; 1:1 aspect ratio maintained."
User Story,Dual Interaction (Drag & Drop + Click-to-Move),Done,ChessMaster,Sprint 1,1,"As a user, I want both drag-and-drop and click-to-move input.","Desktop mouse drag and mobile touch tap both execute moves."
User Story,Move & Check Visual Highlights,Done,ChessMaster,Sprint 1,2,"As a player, I want visual highlights for selected, last move, and check states.","Selected square (#f7f769), last move (#baca44), check (radial red pulse)."
User Story,Zero-Dependency Web Audio Effects,Done,ChessMaster,Sprint 1,2,"As a player, I want tactile procedural audio for moves, captures, and checks.","Procedural Web Audio API sound synthesis; mute/unmute control."
User Story,Minimax Search with Alpha-Beta Pruning,Done,ChessMaster,Sprint 1,1,"As a solo player, I want an AI opponent that evaluates positions strategically.","Piece-Square tables (PST), MVV-LVA move ordering, alpha-beta pruning."
User Story,AI Difficulty Profiles (Beginner to Master),Done,ChessMaster,Sprint 1,1,"As a player of any skill level, I want adjustable AI difficulty.","Beginner (~800), Intermediate (~1400), Advanced (~1800), Master (~2200)."
User Story,Non-Blocking Web Worker Threading,Done,ChessMaster,Sprint 1,1,"As a player, I want 60 FPS smooth UI during AI calculation.","Web Worker runs search off main thread."
User Story,Live Evaluation Bar Gauge,Done,ChessMaster,Sprint 1,2,"As an analyzer, I want a real-time advantage bar next to the board.","Centipawn score display, sigmoid curve height, and auto-flip."
User Story,Dual Digital Chess Clocks,Done,ChessMaster,Sprint 1,2,"As a timed player, I want countdown clocks with increments.","Bullet, Blitz, Rapid, Untimed; increment addition; flag fall at 0:00."
User Story,SAN Move History & Replay,Done,ChessMaster,Sprint 1,2,"As a player reviewing a match, I want algebraic notation and move stepping.","SAN notation, step forward/backward buttons, jump to ply."
User Story,PGN & FEN Clipboard Export,Done,ChessMaster,Sprint 1,2,"As a player, I want to copy PGN and FEN strings to analyze elsewhere.","One-click copy to clipboard with toast confirmation."
User Story,Board Theme Selection,Done,ChessMaster,Sprint 1,3,"As a user, I want custom board color palettes.","5 color themes with live preview swatches."
User Story,Custom FEN Position Loader,Done,ChessMaster,Sprint 1,3,"As a student, I want to load specific puzzle positions from FEN strings.","FEN string validation and instant board state initialization."
Task,Initialize chess.js state in App.tsx,Done,ChessMaster,Sprint 1,1,"Configure chess.js reactive instance.",""
Task,Implement drag-and-drop & click-to-move in ChessBoard.tsx,Done,ChessMaster,Sprint 1,1,"Add HTML5 drag/drop and pointer click handlers.",""
Task,Design vector Staunton pieces in pieces.tsx,Done,ChessMaster,Sprint 1,1,"Vector SVG icons for K, Q, R, B, N, P.",""
Task,Build PromotionModal.tsx,Done,ChessMaster,Sprint 1,1,"Modal popup with Q, R, B, N options.",""
Task,Create Web Audio synthesizer in audio.ts,Done,ChessMaster,Sprint 1,2,"Synthesize move, capture, check, castle sounds.",""
Task,Implement Minimax and PST in chessEngine.ts,Done,ChessMaster,Sprint 1,1,"Position evaluation and alpha-beta search.",""
Task,Create chessAi.worker.ts,Done,ChessMaster,Sprint 1,1,"Offload search to background Web Worker.",""
Task,Build EvaluationBar.tsx,Done,ChessMaster,Sprint 1,2,"Advantage bar with centipawn score display.",""
Task,Build ChessClock.tsx with increments,Done,ChessMaster,Sprint 1,2,"Dual countdown timer with active player glow.",""
Task,Build MoveHistory.tsx with PGN/FEN copy,Done,ChessMaster,Sprint 1,2,"Two-column SAN list with stepping controls.",""
Task,Build GameOverModal.tsx with FIDE rule citations,Done,ChessMaster,Sprint 1,1,"Result modal citing FIDE rules and confetti.",""
Task,Build GameSettingsModal.tsx with themes & FEN loader,Done,ChessMaster,Sprint 1,3,"Settings modal with swatches and FEN input.",""
Task,Write automated Vitest test suite in chessRules.test.ts,Done,ChessMaster,Sprint 1,1,"Verify checkmate, stalemate, castling, en passant.",""
